Reference sequence	Sequence length	Mapped read segments
rRNA|Escherichia_coli_str_K-12_substr_MG1655|5S|NC_000913.3:4171637-4171756|rrfB|[organism=Escherichia|coli|str.|K-12|substr.|MG1655]|[GeneID=948471]|[chromosome=]	120	74175
tRNA|Escherichia_coli_str_K-12_substr_MG1655|tRNA-Ala-GGC-1-1	76	53308
tRNA|Escherichia_coli_str_K-12_substr_MG1655|tRNA-Ala-TGC-1-1	76	110140
tRNA|Escherichia_coli_str_K-12_substr_MG1655|tRNA-Arg-ACG-1-1	77	93571
tRNA|Escherichia_coli_str_K-12_substr_MG1655|tRNA-Arg-CCG-1-1	77	8761
tRNA|Escherichia_coli_str_K-12_substr_MG1655|tRNA-Arg-CCT-1-1	75	8424
tRNA|Escherichia_coli_str_K-12_substr_MG1655|tRNA-Arg-TCT-1-1	77	9269
tRNA|Escherichia_coli_str_K-12_substr_MG1655|tRNA-Asn-GTT-1-1	76	76224
tRNA|Escherichia_coli_str_K-12_substr_MG1655|tRNA-Asp-GTC-1-1	77	127208
tRNA|Escherichia_coli_str_K-12_substr_MG1655|tRNA-Cys-GCA-1-1	74	27858
tRNA|Escherichia_coli_str_K-12_substr_MG1655|tRNA-Gln-CTG-1-1	75	29624
tRNA|Escherichia_coli_str_K-12_substr_MG1655|tRNA-Gln-TTG-1-1	75	23420
tRNA|Escherichia_coli_str_K-12_substr_MG1655|tRNA-Glu-TTC-1-1	76	124600
tRNA|Escherichia_coli_str_K-12_substr_MG1655|tRNA-Gly-CCC-1-1	74	15294
tRNA|Escherichia_coli_str_K-12_substr_MG1655|tRNA-Gly-GCC-1-1	76	86012
tRNA|Escherichia_coli_str_K-12_substr_MG1655|tRNA-Gly-TCC-1-1	75	28743
tRNA|Escherichia_coli_str_K-12_substr_MG1655|tRNA-His-GTG-1-1	76	43783
tRNA|Escherichia_coli_str_K-12_substr_MG1655|tRNA-Ile-GAT-1-1	77	81090
tRNA|Escherichia_coli_str_K-12_substr_MG1655|tRNA-Ile2-CAT-1-1	76	12562
tRNA|Escherichia_coli_str_K-12_substr_MG1655|tRNA-Leu-CAA-1-1	85	35812
tRNA|Escherichia_coli_str_K-12_substr_MG1655|tRNA-Leu-CAG-1-1	87	83263
tRNA|Escherichia_coli_str_K-12_substr_MG1655|tRNA-Leu-CAG-2-1	87	34997
tRNA|Escherichia_coli_str_K-12_substr_MG1655|tRNA-Leu-GAG-1-1	87	38378
tRNA|Escherichia_coli_str_K-12_substr_MG1655|tRNA-Leu-TAA-1-1	87	27569
tRNA|Escherichia_coli_str_K-12_substr_MG1655|tRNA-Leu-TAG-1-1	85	30200
tRNA|Escherichia_coli_str_K-12_substr_MG1655|tRNA-Lys-TTT-1-1	76	112063
tRNA|Escherichia_coli_str_K-12_substr_MG1655|tRNA-Met-CAT-1-1	77	68433
tRNA|Escherichia_coli_str_K-12_substr_MG1655|tRNA-Phe-GAA-1-1	76	57628
tRNA|Escherichia_coli_str_K-12_substr_MG1655|tRNA-Pro-CGG-1-1	77	50646
tRNA|Escherichia_coli_str_K-12_substr_MG1655|tRNA-Pro-GGG-1-1	77	25855
tRNA|Escherichia_coli_str_K-12_substr_MG1655|tRNA-Pro-TGG-1-1	77	59196
tRNA|Escherichia_coli_str_K-12_substr_MG1655|tRNA-SeC-TCA-1-1	95	4404
tRNA|Escherichia_coli_str_K-12_substr_MG1655|tRNA-Ser-CGA-1-1	90	1956
tRNA|Escherichia_coli_str_K-12_substr_MG1655|tRNA-Ser-GCT-1-1	93	21043
tRNA|Escherichia_coli_str_K-12_substr_MG1655|tRNA-Ser-GGA-1-1	88	16201
tRNA|Escherichia_coli_str_K-12_substr_MG1655|tRNA-Ser-TGA-1-1	88	10931
tRNA|Escherichia_coli_str_K-12_substr_MG1655|tRNA-Thr-CGT-1-1	76	18567
tRNA|Escherichia_coli_str_K-12_substr_MG1655|tRNA-Thr-CGT-2-1	71	1716
tRNA|Escherichia_coli_str_K-12_substr_MG1655|tRNA-Thr-GGT-1-1	76	37513
tRNA|Escherichia_coli_str_K-12_substr_MG1655|tRNA-Thr-GGT-2-1	76	50424
tRNA|Escherichia_coli_str_K-12_substr_MG1655|tRNA-Thr-TGT-1-1	76	46954
tRNA|Escherichia_coli_str_K-12_substr_MG1655|tRNA-Trp-CCA-1-1	76	34074
tRNA|Escherichia_coli_str_K-12_substr_MG1655|tRNA-Tyr-GTA-1-1	85	45246
tRNA|Escherichia_coli_str_K-12_substr_MG1655|tRNA-Tyr-GTA-2-1	85	45174
tRNA|Escherichia_coli_str_K-12_substr_MG1655|tRNA-Val-GAC-1-1	77	29793
tRNA|Escherichia_coli_str_K-12_substr_MG1655|tRNA-Val-GAC-2-1	77	21951
tRNA|Escherichia_coli_str_K-12_substr_MG1655|tRNA-Val-TAC-1-1	76	124237
tRNA|Escherichia_coli_str_K-12_substr_MG1655|tRNA-fMet-CAT-1-1	77	59520
tRNA|Escherichia_coli_str_K-12_substr_MG1655|tRNA-fMet-CAT-2-1	77	25067
*	0	0
